{"accuracy": [0.5871800184249878, 0.7656967639923096, 0.8448917269706726, 0.8912710547447205, 0.9186173677444458, 0.9453073740005493, 0.9658718109130859, 0.9741851091384888, 0.9789980053901672, 0.9792168140411377], "loss": [0.9540310502052307, 0.567287266254425, 0.4059199094772339, 0.2909976840019226, 0.22431954741477966, 0.14761753380298615, 0.09939020872116089, 0.07526209950447083, 0.058518193662166595, 0.060307640582323074], "val_accuracy": [0.7791411280632019, 0.803680956363678, 0.8492550253868103, 0.9176161289215088, 0.9018405079841614, 0.9246275424957275, 0.9307624697685242, 0.9316388964653015, 0.9333917498588562, 0.9263803958892822], "val_loss": [0.5594602227210999, 0.4661065638065338, 0.4316199719905853, 0.2517813742160797, 0.2898794710636139, 0.22553661465644836, 0.22201228141784668, 0.20589779317378998, 0.23115353286266327, 0.25858616828918457]}